id,product,rating,comment,date,category
1,製品A,5,直感的で使いやすく、業務効率が大幅に改善されました。サポートも迅速で満足です。,2025-10-01,操作性
2,製品B,2,設定が複雑すぎて初期セットアップに2日かかりました。ドキュメントが古い。,2025-10-02,設定・導入
3,製品A,4,機能は充実しているが、価格がやや高めです。コスパをもう少し改善してほしい。,2025-10-03,価格
4,製品B,1,説明書の記載と実際の動作が異なり、使い方がわかりませんでした。サポートも繋がりにくい。,2025-10-04,サポート
5,製品A,5,導入してから生産性が30%向上しました。チーム全員が気に入っています。,2025-10-05,生産性
6,製品C,3,機能はまあまあですが、動作が少し遅い。改善を期待しています。,2025-10-06,パフォーマンス
7,製品B,4,慣れれば使いやすいです。最初の学習コストが高いのが課題。,2025-10-07,学習コスト
8,製品A,5,UIのデザインが洗練されていて、毎日使うのが楽しい。,2025-10-08,デザイン
9,製品C,2,バグが多く、重要なデータが消えたことがありました。信頼性に問題があります。,2025-10-09,品質・信頼性
10,製品B,3,機能は良いが価格が高い。競合他社と比較すると割高に感じる。,2025-10-10,価格
11,製品A,5,カスタマーサポートが非常に丁寧です。問題解決が迅速でした。,2025-10-11,サポート
12,製品C,4,新しいアップデートで大幅に改善されました。継続利用します。,2025-10-12,更新・改善
13,製品B,1,インターフェースが古すぎる。2025年のツールとは思えないデザイン。,2025-10-13,デザイン
14,製品A,4,全体的に満足ですが、モバイル版の機能がデスクトップより劣ります。,2025-10-14,モバイル対応
15,製品C,5,コストパフォーマンスが最高です。同価格帯で一番良いツールだと思います。,2025-10-15,価格
16,製品A,3,機能が多すぎて使いこなせていないのが現状です。オンボーディングが必要。,2025-10-16,学習コスト
17,製品B,5,最近のアップデートで使いやすくなりました。チームに勧めています。,2025-10-17,更新・改善
18,製品C,2,顧客データの同期が遅く、リアルタイムで使うには不十分です。,2025-10-18,パフォーマンス
19,製品A,5,業界最高レベルのセキュリティ機能が決め手でした。安心して使えます。,2025-10-19,セキュリティ
20,製品B,3,可もなく不可もなく。もう少しAPIが充実していれば評価は上がります。,2025-10-20,API・連携
21,製品C,4,Slack連携がシームレスで、通知管理が楽になりました。,2025-10-21,API・連携
22,製品A,5,導入後のROIが明確に出ており、経営陣からも評価されています。,2025-10-22,ROI
23,製品B,2,システムが落ちることが週に1〜2回あります。安定性の向上を求めます。,2025-10-23,品質・信頼性
24,製品C,5,チュートリアル動画が充実していて、自己解決率が高いです。,2025-10-24,サポート
25,製品A,4,日本語ドキュメントが充実しているのは大きなポイントです。,2025-10-25,ドキュメント
